Symbol,Name,Sector,Industry,Unlevered Data,Industry Cost of Capital,Industry Growth,Industry Reinvestment rate
A,Agilent Technologies,Heathcare Information and Technology,Life Sciences Tools & Services,1.187533948,0.089506087,0.196667069,0.715904778
AAPL,Apple Inc.,Computers/Peripherals,"Technology Hardware, Storage & Peripherals",1.100354381,0.087884328,0.023118148,0.389433657
ABBV,AbbVie,Drugs (Biotechnology),Biotechnology,1.08909647,0.083386527,0.189508512,0.442198086
ABNB,Airbnb,Hotel/Gaming,"Hotels, Resorts & Cruise Lines",1.048189773,0.080151501,0.1024465,0.160164781
ABT,Abbott Laboratories,Heathcare Information and Technology,Health Care Equipment,1.187533948,0.089506087,0.196667069,0.715904778
ACGL,Arch Capital Group,Insurance (Prop/Cas.),Property & Casualty Insurance,0.675207617,0.067158648,0.061676591,0.190179062
ACN,Accenture,Computer Services,IT Consulting & Other Services,0.858697507,0.074175635,0.109264737,0.276635201
ADBE,Adobe Inc.,Software (System & Application),Application Software,1.272458994,0.094923923,0.159033378,0.476301017
ADI,Analog Devices,Semiconductor,Semiconductors,1.460244594,0.103622461,0.064411628,0.934351556
ADM,Archer Daniels Midland,Farming/Agriculture,Agricultural Products & Services,0.769213335,0.07061154,0.213838095,0.59827152
ADP,Automatic Data Processing,Business & Consumer Services,Human Resource & Employment Services,0.929642657,0.078564957,0.06692427,0.304162192
ADSK,Autodesk,Software (System & Application),Application Software,1.272458994,0.094923923,0.159033378,0.476301017
AEP,American Electric Power,Utility (General),Electric Utilities,0.356795193,0.05094222,0.043405,0.784216274
AES,AES Corporation,Power,Independent Power Producers & Energy Traders,0.388506193,0.051896442,0.05328,0.939975218
AFL,Aflac,Insurance (Life),Life & Health Insurance,0.539831119,0.056806764,-0.000625,-0.078830681
AIG,American International Group,Insurance (General),Multi-line Insurance,0.894617816,0.076402666,0.077637273,0.020168608
AIZ,Assurant,Insurance (General),Multi-line Insurance,0.894617816,0.076402666,0.077637273,0.020168608
AJG,Arthur J. Gallagher & Co.,Insurance (General),Insurance Brokers,0.894617816,0.076402666,0.077637273,0.020168608
AKAM,Akamai Technologies,Information Services,Internet Services & Infrastructure,0.772382491,0.070185232,0.04717,0.001496213
ALB,Albemarle Corporation,Chemical (Specialty),Specialty Chemicals,0.938135743,0.078101735,0.07331875,0.788618721
ALGN,Align Technology,R.E.I.T.,Health Care Supplies,0.660063542,0.06308888,0.083597195,-0.15371841
ALL,Allstate,Insurance (Prop/Cas.),Property & Casualty Insurance,0.675207617,0.067158648,0.061676591,0.190179062
ALLE,Allegion,Building Materials,Building Products,1.209047187,0.090005823,0.064077647,0.679993268
AMAT,Applied Materials,Semiconductor Equip,Semiconductor Materials & Equipment,1.507765079,0.103967314,0.0992575,0.605672117
AMCR,Amcor,Paper/Forest Products,Paper & Plastic Packaging Products & Materials,1.590292567,0.103524732,0.038425,1.52704016
AMD,Advanced Micro Devices,Semiconductor,Semiconductors,1.460244594,0.103622461,0.064411628,0.934351556
AME,Ametek,Electrical Equipment,Electrical Components & Equipment,1.145843472,0.086066369,0.149078298,1.622376012
AMGN,Amgen,Drugs (Biotechnology),Biotechnology,1.08909647,0.083386527,0.189508512,0.442198086
AMP,Ameriprise Financial,Investments & Asset Management,Asset Management & Custody Banks,0.39129393,0.052337685,0.046036863,0.524206097
AMT,American Tower,R.E.I.T.,Telecom Tower REITs,0.660063542,0.06308888,0.083597195,-0.15371841
AMTM,Amentum,Business & Consumer Services,NA,0.929642657,0.078564957,0.06692427,0.304162192
AMZN,Amazon,Retail (General),Broadline Retail,1.171062909,0.089282001,0.180630526,0.725882717
ANET,Arista Networks,Telecom. Equipment,Communications Equipment,1.045647985,0.083343683,0.09616449,0.536242435
ANSS,Ansys,Software (System & Application),Application Software,1.272458994,0.094923923,0.159033378,0.476301017
AON,Aon,Insurance (General),Insurance Brokers,0.894617816,0.076402666,0.077637273,0.020168608
AOS,A. O. Smith,Building Materials,Building Products,1.209047187,0.090005823,0.064077647,0.679993268
APA,APA Corporation,Oil/Gas (Production and Exploration),Oil & Gas Exploration & Production,0.821420497,0.073373141,0.232800588,0.536803676
APD,Air Products,Chemical (Specialty),Industrial Gases,0.938135743,0.078101735,0.07331875,0.788618721
APH,Amphenol,Electronics (General),Electronic Components,0.877205174,0.075361085,0.158239651,0.9658047
APTV,Aptiv,Auto Parts,Automotive Parts & Equipment,1.12110387,0.083289044,0.062846957,1.161358931
ARE,Alexandria Real Estate Equities,R.E.I.T.,Office REITs,0.660063542,0.06308888,0.083597195,-0.15371841
ATO,Atmos Energy,Utility (General),Gas Utilities,0.356795193,0.05094222,0.043405,0.784216274
AVB,AvalonBay Communities,R.E.I.T.,Multi-Family Residential REITs,0.660063542,0.06308888,0.083597195,-0.15371841
AVGO,Broadcom,Semiconductor,Semiconductors,1.460244594,0.103622461,0.064411628,0.934351556
AVY,Avery Dennison,Paper/Forest Products,Paper & Plastic Packaging Products & Materials,1.590292567,0.103524732,0.038425,1.52704016
AWK,American Water Works,Utility (Water),Water Utilities,0.522311472,0.060343308,0.108490909,0.96245009
AXON,Axon Enterprise,Aerospace/Defense,Aerospace & Defense,0.930853541,0.07813356,0.075882564,0.401672464
AXP,American Express,Financial Svcs. (Non-bank & Insurance),Consumer Finance,0.321978751,0.049871016,0.205013107,-0.773954395
AZO,AutoZone,Retail (Automotive),Automotive Retail,1.058764305,0.082204588,0.174986364,0.828277737
BAC,Bank of America,Bank (Money Center),Diversified Banks,0.644005118,0.05081182,0.072753846,19.57501942
BALL,Ball Corporation,Packaging & Container,"Metal, Glass & Plastic Containers",0.806865861,0.070861023,0.034183889,0.803116537
BAX,Baxter International,Heathcare Information and Technology,Health Care Equipment,1.187533948,0.089506087,0.196667069,0.715904778
BBY,Best Buy,Retail (Special Lines),Computer & Electronics Retail,0.973069218,0.078540155,0.120719677,0.222481052
BDX,Becton Dickinson,Heathcare Information and Technology,Health Care Equipment,1.187533948,0.089506087,0.196667069,0.715904778
BEN,Franklin Resources,Investments & Asset Management,Asset Management & Custody Banks,0.39129393,0.052337685,0.046036863,0.524206097
BF.B,Brown–Forman,Beverage (Alcoholic),Distillers & Vintners,0.970263352,0.080501131,0.120622222,0.396749124
BG,Bunge Global,Farming/Agriculture,Agricultural Products & Services,0.769213335,0.07061154,0.213838095,0.59827152
BIIB,Biogen,Drugs (Biotechnology),Biotechnology,1.08909647,0.083386527,0.189508512,0.442198086
BK,BNY Mellon,Investments & Asset Management,Asset Management & Custody Banks,0.39129393,0.052337685,0.046036863,0.524206097
BKNG,Booking Holdings,Hotel/Gaming,"Hotels, Resorts & Cruise Lines",1.048189773,0.080151501,0.1024465,0.160164781
BKR,Baker Hughes,Oilfield Svcs/Equip.,Oil & Gas Equipment & Services,0.852901738,0.072739439,0.077372121,0.411734528
BLDR,Builders FirstSource,Building Materials,Building Products,1.209047187,0.090005823,0.064077647,0.679993268
BLK,BlackRock,Investments & Asset Management,Asset Management & Custody Banks,0.39129393,0.052337685,0.046036863,0.524206097
BMY,Bristol Myers Squibb,Drugs (Pharmaceutical),Pharmaceuticals,0.943997687,0.080456031,0.415376667,0.442198086
BR,Broadridge Financial Solutions,Information Services,Data Processing & Outsourced Services,0.772382491,0.070185232,0.04717,0.001496213
BRK.B,Berkshire Hathaway,Investments & Asset Management,Multi-Sector Holdings,0.39129393,0.052337685,0.046036863,0.524206097
BRO,Brown & Brown,Insurance (General),Insurance Brokers,0.894617816,0.076402666,0.077637273,0.020168608
BSX,Boston Scientific,Heathcare Information and Technology,Health Care Equipment,1.187533948,0.089506087,0.196667069,0.715904778
BWA,BorgWarner,Auto Parts,NA,1.12110387,0.083289044,0.062846957,1.161358931
BX,Blackstone Inc.,Investments & Asset Management,Asset Management & Custody Banks,0.39129393,0.052337685,0.046036863,0.524206097
BXP,"BXP, Inc.",R.E.I.T.,Office REITs,0.660063542,0.06308888,0.083597195,-0.15371841
C,Citigroup,Bank (Money Center),Diversified Banks,0.644005118,0.05081182,0.072753846,19.57501942
CAG,Conagra Brands,Food Processing,Packaged Foods & Meats,0.495879272,0.059473284,0.072433478,0.592094421
CAH,Cardinal Health,Healthcare Support Services,Health Care Distributors,0.940306249,0.076102789,0.124218772,0.574513905
CARR,Carrier Global,Building Materials,Building Products,1.209047187,0.090005823,0.064077647,0.679993268
CAT,Caterpillar Inc.,Machinery,Construction Machinery & Heavy Transportation Equipment,0.937609554,0.079092309,0.047126,0.915912511
CB,Chubb Limited,Insurance (Prop/Cas.),Property & Casualty Insurance,0.675207617,0.067158648,0.061676591,0.190179062
CBOE,Cboe Global Markets,Financial Svcs. (Non-bank & Insurance),Financial Exchanges & Data,0.321978751,0.049871016,0.205013107,-0.773954395
CBRE,CBRE Group,Real Estate (Operations & Services),Real Estate Services,0.882846385,0.072965782,0.054392667,0.135576238
CCI,Crown Castle,R.E.I.T.,Telecom Tower REITs,0.660063542,0.06308888,0.083597195,-0.15371841
CCL,Carnival,Hotel/Gaming,"Hotels, Resorts & Cruise Lines",1.048189773,0.080151501,0.1024465,0.160164781
CDNS,Cadence Design Systems,Software (System & Application),Application Software,1.272458994,0.094923923,0.159033378,0.476301017
CDW,CDW,Electronics (Consumer & Office),Technology Distributors,1.302963609,0.089049334,-0.06321,0.871216099
CE,Celanese,Chemical (Specialty),NA,0.938135743,0.078101735,0.07331875,0.788618721
CEG,Constellation Energy,Utility (General),Electric Utilities,0.356795193,0.05094222,0.043405,0.784216274
CF,CF Industries,Chemical (Diversified),Fertilizers & Agricultural Chemicals,0.813460858,0.069280335,-0.00755,0.490168696
CFG,Citizens Financial Group,Banks (Regional),Regional Banks,0.333366607,0.046771373,0.092156242,1.957501942
CHD,Church & Dwight,Household Products,Household Products,0.772920134,0.072278278,0.022456341,0.155241937
CHRW,C.H. Robinson,Air Transport,Air Freight & Logistics,0.640188047,0.060621961,0.029028333,0.303603012
CHTR,Charter Communications,Cable TV,Cable & Satellite,0.73562954,0.067583977,0.162316667,0.180252825
CI,Cigna,Healthcare Support Services,Health Care Services,0.940306249,0.076102789,0.124218772,0.574513905
CINF,Cincinnati Financial,Insurance (Prop/Cas.),Property & Casualty Insurance,0.675207617,0.067158648,0.061676591,0.190179062
CL,Colgate-Palmolive,Household Products,Household Products,0.772920134,0.072278278,0.022456341,0.155241937
CLX,Clorox,Household Products,Household Products,0.772920134,0.072278278,0.022456341,0.155241937
CMCSA,Comcast,Cable TV,Cable & Satellite,0.73562954,0.067583977,0.162316667,0.180252825
CME,CME Group,Financial Svcs. (Non-bank & Insurance),Financial Exchanges & Data,0.321978751,0.049871016,0.205013107,-0.773954395
CMG,Chipotle Mexican Grill,Restaurant/Dining,Restaurants,1.024327695,0.082371442,0.06796,0.248382575
CMI,Cummins,Machinery,Construction Machinery & Heavy Transportation Equipment,0.937609554,0.079092309,0.047126,0.915912511
CMS,CMS Energy,Utility (General),Multi-Utilities,0.356795193,0.05094222,0.043405,0.784216274
CNC,Centene Corporation,Hospitals/Healthcare Facilities,Managed Health Care,0.559996107,0.061017936,0.181068947,0.407749816
CNP,CenterPoint Energy,Utility (General),Multi-Utilities,0.356795193,0.05094222,0.043405,0.784216274
COF,Capital One,Financial Svcs. (Non-bank & Insurance),Consumer Finance,0.321978751,0.049871016,0.205013107,-0.773954395
COO,Cooper Companies (The),Healthcare Products,Health Care Supplies,1.005418072,0.082315379,0.179484,0.673292183
COP,ConocoPhillips,Oil/Gas (Production and Exploration),Oil & Gas Exploration & Production,0.821420497,0.073373141,0.232800588,0.536803676
COR,Cencora,Healthcare Support Services,Health Care Distributors,0.940306249,0.076102789,0.124218772,0.574513905
COST,Costco,Retail (Grocery and Food),Consumer Staples Merchandise Retail,0.364761149,0.053133992,0.0659125,0.300084333
CPAY,Corpay,Financial Svcs. (Non-bank & Insurance),Transaction & Payment Processing Services,0.321978751,0.049871016,0.205013107,-0.773954395
CPB,Campbell Soup Company,Food Processing,Packaged Foods & Meats,0.495879272,0.059473284,0.072433478,0.592094421
CPRT,Copart,Business & Consumer Services,Diversified Support Services,0.929642657,0.078564957,0.06692427,0.304162192
CPT,Camden Property Trust,R.E.I.T.,Multi-Family Residential REITs,0.660063542,0.06308888,0.083597195,-0.15371841
CRL,Charles River Laboratories,Heathcare Information and Technology,Life Sciences Tools & Services,1.187533948,0.089506087,0.196667069,0.715904778
CRM,Salesforce,Software (System & Application),Application Software,1.272458994,0.094923923,0.159033378,0.476301017
CRWD,CrowdStrike,Software (System & Application),Systems Software,1.272458994,0.094923923,0.159033378,0.476301017
CSCO,Cisco,Telecom. Equipment,Communications Equipment,1.045647985,0.083343683,0.09616449,0.536242435
CSGP,CoStar Group,Real Estate (Operations & Services),Real Estate Services,0.882846385,0.072965782,0.054392667,0.135576238
CSX,CSX Corporation,Transportation (Railroads),Rail Transportation,0.855997806,0.074640136,0.0249,0.599980747
CTAS,Cintas,Business & Consumer Services,Diversified Support Services,0.929642657,0.078564957,0.06692427,0.304162192
CTLT,Catalent,Drugs (Pharmaceutical),NA,0.943997687,0.080456031,0.415376667,0.442198086
CTRA,Coterra,Oil/Gas (Production and Exploration),Oil & Gas Exploration & Production,0.821420497,0.073373141,0.232800588,0.536803676
CTSH,Cognizant,Computer Services,IT Consulting & Other Services,0.858697507,0.074175635,0.109264737,0.276635201
CTVA,Corteva,Chemical (Diversified),Fertilizers & Agricultural Chemicals,0.813460858,0.069280335,-0.00755,0.490168696
CVS,CVS Health,Healthcare Support Services,Health Care Services,0.940306249,0.076102789,0.124218772,0.574513905
CVX,Chevron Corporation,Oil/Gas (Integrated),Integrated Oil & Gas,0.644045014,0.066148338,0.0176,0.147097299
CZR,Caesars Entertainment,Hotel/Gaming,Casinos & Gaming,1.048189773,0.080151501,0.1024465,0.160164781
D,Dominion Energy,Utility (General),Multi-Utilities,0.356795193,0.05094222,0.043405,0.784216274
DAL,Delta Air Lines,Air Transport,Passenger Airlines,0.640188047,0.060621961,0.029028333,0.303603012
DAY,Dayforce,Business & Consumer Services,Human Resource & Employment Services,0.929642657,0.078564957,0.06692427,0.304162192
DD,DuPont,Chemical (Specialty),Specialty Chemicals,0.938135743,0.078101735,0.07331875,0.788618721
DE,Deere & Company,Farming/Agriculture,Agricultural & Farm Machinery,0.769213335,0.07061154,0.213838095,0.59827152
DECK,Deckers Brands,Shoe,Footwear,1.273095539,0.093400048,0.1149125,-0.160768929
DELL,Dell Technologies,Computers/Peripherals,"Technology Hardware, Storage & Peripherals",1.100354381,0.087884328,0.023118148,0.389433657
DFS,Discover Financial,Financial Svcs. (Non-bank & Insurance),Consumer Finance,0.321978751,0.049871016,0.205013107,-0.773954395
DG,Dollar General,Retail (Grocery and Food),Consumer Staples Merchandise Retail,0.364761149,0.053133992,0.0659125,0.300084333
DGX,Quest Diagnostics,Healthcare Support Services,Health Care Services,0.940306249,0.076102789,0.124218772,0.574513905
DHI,D. R. Horton,Homebuilding,Homebuilding,1.353591593,0.092820337,0.110407826,0.202870919
DHR,Danaher Corporation,Heathcare Information and Technology,Life Sciences Tools & Services,1.187533948,0.089506087,0.196667069,0.715904778
DIS,Walt Disney Company (The),Entertainment,Movies & Entertainment,0.865719193,0.074634883,0.154691379,-0.341217146
DLR,Digital Realty,R.E.I.T.,Data Center REITs,0.660063542,0.06308888,0.083597195,-0.15371841
DLTR,Dollar Tree,Retail (Grocery and Food),Consumer Staples Merchandise Retail,0.364761149,0.053133992,0.0659125,0.300084333
DOC,Healthpeak Properties,R.E.I.T.,Health Care REITs,0.660063542,0.06308888,0.083597195,-0.15371841
DOV,Dover Corporation,Machinery,Industrial Machinery & Supplies & Components,0.937609554,0.079092309,0.047126,0.915912511
DOW,Dow Inc.,Chemical (Basic),Commodity Chemicals,0.874690785,0.07321012,0.113161,1.94590328
DPZ,Domino's,Restaurant/Dining,Restaurants,1.024327695,0.082371442,0.06796,0.248382575
DRI,Darden Restaurants,Restaurant/Dining,Restaurants,1.024327695,0.082371442,0.06796,0.248382575
DTE,DTE Energy,Utility (General),Multi-Utilities,0.356795193,0.05094222,0.043405,0.784216274
DUK,Duke Energy,Utility (General),Electric Utilities,0.356795193,0.05094222,0.043405,0.784216274
DVA,DaVita,Healthcare Support Services,Health Care Services,0.940306249,0.076102789,0.124218772,0.574513905
DVN,Devon Energy,Oil/Gas (Production and Exploration),Oil & Gas Exploration & Production,0.821420497,0.073373141,0.232800588,0.536803676
DXCM,Dexcom,Heathcare Information and Technology,Health Care Equipment,1.187533948,0.089506087,0.196667069,0.715904778
EA,Electronic Arts,Entertainment,Interactive Home Entertainment,0.865719193,0.074634883,0.154691379,-0.341217146
EBAY,eBay,Retail (General),Broadline Retail,1.171062909,0.089282001,0.180630526,0.725882717
ECL,Ecolab,Chemical (Specialty),Specialty Chemicals,0.938135743,0.078101735,0.07331875,0.788618721
ED,Consolidated Edison,Utility (General),Multi-Utilities,0.356795193,0.05094222,0.043405,0.784216274
EFX,Equifax,Information Services,Research & Consulting Services,0.772382491,0.070185232,0.04717,0.001496213
EG,Everest Group,Reinsurance,Reinsurance,0.609850918,0.058445695,0.0695,0.313935499
EIX,Edison International,Utility (General),Electric Utilities,0.356795193,0.05094222,0.043405,0.784216274
EL,Estée Lauder Companies (The),Household Products,Personal Care Products,0.772920134,0.072278278,0.022456341,0.155241937
ELV,Elevance Health,Hospitals/Healthcare Facilities,Managed Health Care,0.559996107,0.061017936,0.181068947,0.407749816
EMN,Eastman Chemical Company,Chemical (Specialty),Specialty Chemicals,0.938135743,0.078101735,0.07331875,0.788618721
EMR,Emerson Electric,Electrical Equipment,Electrical Components & Equipment,1.145843472,0.086066369,0.149078298,1.622376012
ENPH,Enphase Energy,Semiconductor Equip,Semiconductor Materials & Equipment,1.507765079,0.103967314,0.0992575,0.605672117
EOG,EOG Resources,Oil/Gas (Production and Exploration),Oil & Gas Exploration & Production,0.821420497,0.073373141,0.232800588,0.536803676
EPAM,EPAM Systems,Computer Services,IT Consulting & Other Services,0.858697507,0.074175635,0.109264737,0.276635201
EQIX,Equinix,R.E.I.T.,Data Center REITs,0.660063542,0.06308888,0.083597195,-0.15371841
EQR,Equity Residential,R.E.I.T.,Multi-Family Residential REITs,0.660063542,0.06308888,0.083597195,-0.15371841
EQT,EQT Corporation,Oil/Gas (Production and Exploration),Oil & Gas Exploration & Production,0.821420497,0.073373141,0.232800588,0.536803676
ERIE,Erie Indemnity,Insurance (General),Insurance Brokers,0.894617816,0.076402666,0.077637273,0.020168608
ES,Eversource Energy,Utility (General),Electric Utilities,0.356795193,0.05094222,0.043405,0.784216274
ESS,Essex Property Trust,R.E.I.T.,Multi-Family Residential REITs,0.660063542,0.06308888,0.083597195,-0.15371841
ETN,Eaton Corporation,Electrical Equipment,Electrical Components & Equipment,1.145843472,0.086066369,0.149078298,1.622376012
ETR,Entergy,Utility (General),Electric Utilities,0.356795193,0.05094222,0.043405,0.784216274
EVRG,Evergy,Utility (General),Electric Utilities,0.356795193,0.05094222,0.043405,0.784216274
EW,Edwards Lifesciences,Heathcare Information and Technology,Health Care Equipment,1.187533948,0.089506087,0.196667069,0.715904778
EXC,Exelon,Utility (General),Electric Utilities,0.356795193,0.05094222,0.043405,0.784216274
EXPD,Expeditors International,Air Transport,Air Freight & Logistics,0.640188047,0.060621961,0.029028333,0.303603012
EXPE,Expedia Group,Hotel/Gaming,"Hotels, Resorts & Cruise Lines",1.048189773,0.080151501,0.1024465,0.160164781
EXR,Extra Space Storage,R.E.I.T.,Self-Storage REITs,0.660063542,0.06308888,0.083597195,-0.15371841
F,Ford Motor Company,Auto & Truck,Automobile Manufacturers,1.304030918,0.092567584,0.219421111,0.703821334
FANG,Diamondback Energy,Oil/Gas (Production and Exploration),Oil & Gas Exploration & Production,0.821420497,0.073373141,0.232800588,0.536803676
FAST,Fastenal,Retail (Distributors),Trading Companies & Distributors,0.909325554,0.077098414,0.058054595,0.750757364
FCX,Freeport-McMoRan,Metals & Mining,Copper,0.912124355,0.077209909,-0.013133333,0.848618106
FDS,FactSet,Financial Svcs. (Non-bank & Insurance),Financial Exchanges & Data,0.321978751,0.049871016,0.205013107,-0.773954395
FDX,FedEx,Air Transport,Air Freight & Logistics,0.640188047,0.060621961,0.029028333,0.303603012
FE,FirstEnergy,Utility (General),Electric Utilities,0.356795193,0.05094222,0.043405,0.784216274
FFIV,"F5, Inc.",Telecom. Equipment,Communications Equipment,1.045647985,0.083343683,0.09616449,0.536242435
FI,Fiserv,Financial Svcs. (Non-bank & Insurance),Transaction & Payment Processing Services,0.321978751,0.049871016,0.205013107,-0.773954395
FICO,Fair Isaac,Software (System & Application),Application Software,1.272458994,0.094923923,0.159033378,0.476301017
FIS,Fidelity National Information Services,Financial Svcs. (Non-bank & Insurance),Transaction & Payment Processing Services,0.321978751,0.049871016,0.205013107,-0.773954395
FITB,Fifth Third Bancorp,Banks (Regional),Regional Banks,0.333366607,0.046771373,0.092156242,1.957501942
FMC,FMC Corporation,Chemical (Diversified),NA,0.813460858,0.069280335,-0.00755,0.490168696
FOX,Fox Corporation (Class B),Broadcasting,Broadcasting,0.499756675,0.056035943,0.054847059,1.536797306
FOXA,Fox Corporation (Class A),Broadcasting,Broadcasting,0.499756675,0.056035943,0.054847059,1.536797306
FRT,Federal Realty Investment Trust,Retail (REITs),Retail REITs,0.786674702,0.069402205,0.041101852,-0.085253457
FSLR,First Solar,Semiconductor,Semiconductors,1.460244594,0.103622461,0.064411628,0.934351556
FTNT,Fortinet,Software (System & Application),Systems Software,1.272458994,0.094923923,0.159033378,0.476301017
FTV,Fortive,Machinery,Industrial Machinery & Supplies & Components,0.937609554,0.079092309,0.047126,0.915912511
GD,General Dynamics,Aerospace/Defense,Aerospace & Defense,0.930853541,0.07813356,0.075882564,0.401672464
GDDY,GoDaddy,Information Services,Internet Services & Infrastructure,0.772382491,0.070185232,0.04717,0.001496213
GE,GE Aerospace,Aerospace/Defense,Aerospace & Defense,0.930853541,0.07813356,0.075882564,0.401672464
GEHC,GE HealthCare,Heathcare Information and Technology,Health Care Equipment,1.187533948,0.089506087,0.196667069,0.715904778
GEN,Gen Digital,Software (System & Application),Systems Software,1.272458994,0.094923923,0.159033378,0.476301017
GEV,GE Vernova,Electrical Equipment,Heavy Electrical Equipment,1.145843472,0.086066369,0.149078298,1.622376012
GILD,Gilead Sciences,Drugs (Biotechnology),Biotechnology,1.08909647,0.083386527,0.189508512,0.442198086
GIS,General Mills,Food Processing,Packaged Foods & Meats,0.495879272,0.059473284,0.072433478,0.592094421
GL,Globe Life,Insurance (Life),Life & Health Insurance,0.539831119,0.056806764,-0.000625,-0.078830681
GLW,Corning Inc.,Electronics (General),Electronic Components,0.877205174,0.075361085,0.158239651,0.9658047
GM,General Motors,Auto & Truck,Automobile Manufacturers,1.304030918,0.092567584,0.219421111,0.703821334
GNRC,Generac,Electrical Equipment,Electrical Components & Equipment,1.145843472,0.086066369,0.149078298,1.622376012
GOOG,Alphabet Inc. (Class C),Software (Internet),Interactive Media & Services,1.511756338,0.10592036,0.222445455,0.44097668
GOOGL,Alphabet Inc. (Class A),Software (Internet),Interactive Media & Services,1.511756338,0.10592036,0.222445455,0.44097668
GPC,Genuine Parts Company,Retail (Distributors),Distributors,0.909325554,0.077098414,0.058054595,0.750757364
GPN,Global Payments,Financial Svcs. (Non-bank & Insurance),Transaction & Payment Processing Services,0.321978751,0.049871016,0.205013107,-0.773954395
GRMN,Garmin,Electronics (Consumer & Office),Consumer Electronics,1.302963609,0.089049334,-0.06321,0.871216099
GS,Goldman Sachs,Brokerage & Investment Banking,Investment Banking & Brokerage,0.550778221,0.054148675,0.127874737,8.460207121
GWW,W. W. Grainger,Machinery,Industrial Machinery & Supplies & Components,0.937609554,0.079092309,0.047126,0.915912511
HAL,Halliburton,Oilfield Svcs/Equip.,Oil & Gas Equipment & Services,0.852901738,0.072739439,0.077372121,0.411734528
HAS,Hasbro,Recreation,Leisure Products,0.848878006,0.072533852,0.109518621,0.482857475
HBAN,Huntington Bancshares,Banks (Regional),Regional Banks,0.333366607,0.046771373,0.092156242,1.957501942
HCA,HCA Healthcare,Hospitals/Healthcare Facilities,Health Care Facilities,0.559996107,0.061017936,0.181068947,0.407749816
HD,Home Depot (The),Retail (Building Supply),Home Improvement Retail,1.70415318,0.113035222,0.089053846,0.058794935
HES,Hess Corporation,Oil/Gas (Integrated),Integrated Oil & Gas,0.644045014,0.066148338,0.0176,0.147097299
HIG,Hartford (The),Insurance (Prop/Cas.),Property & Casualty Insurance,0.675207617,0.067158648,0.061676591,0.190179062
HII,Huntington Ingalls Industries,Aerospace/Defense,Aerospace & Defense,0.930853541,0.07813356,0.075882564,0.401672464
HLT,Hilton Worldwide,Hotel/Gaming,"Hotels, Resorts & Cruise Lines",1.048189773,0.080151501,0.1024465,0.160164781
HOLX,Hologic,Heathcare Information and Technology,Health Care Equipment,1.187533948,0.089506087,0.196667069,0.715904778
HON,Honeywell,Diversified,Industrial Conglomerates,1.092348615,0.085144265,0.069406364,0.370895834
HPE,Hewlett Packard Enterprise,Computers/Peripherals,"Technology Hardware, Storage & Peripherals",1.100354381,0.087884328,0.023118148,0.389433657
HPQ,HP Inc.,Computers/Peripherals,"Technology Hardware, Storage & Peripherals",1.100354381,0.087884328,0.023118148,0.389433657
HRL,Hormel Foods,Food Processing,Packaged Foods & Meats,0.495879272,0.059473284,0.072433478,0.592094421
HSIC,Henry Schein,Healthcare Support Services,Health Care Distributors,0.940306249,0.076102789,0.124218772,0.574513905
HST,Host Hotels & Resorts,Hotel/Gaming,Hotel & Resort REITs,1.048189773,0.080151501,0.1024465,0.160164781
HSY,Hershey Company (The),Food Processing,Packaged Foods & Meats,0.495879272,0.059473284,0.072433478,0.592094421
HUBB,Hubbell Incorporated,Machinery,Industrial Machinery & Supplies & Components,0.937609554,0.079092309,0.047126,0.915912511
HUM,Humana,Hospitals/Healthcare Facilities,Managed Health Care,0.559996107,0.061017936,0.181068947,0.407749816
HWM,Howmet Aerospace,Aerospace/Defense,Aerospace & Defense,0.930853541,0.07813356,0.075882564,0.401672464
IBM,IBM,Computer Services,IT Consulting & Other Services,0.858697507,0.074175635,0.109264737,0.276635201
ICE,Intercontinental Exchange,Financial Svcs. (Non-bank & Insurance),Financial Exchanges & Data,0.321978751,0.049871016,0.205013107,-0.773954395
IDXX,Idexx Laboratories,Heathcare Information and Technology,Health Care Equipment,1.187533948,0.089506087,0.196667069,0.715904778
IEX,IDEX Corporation,Machinery,Industrial Machinery & Supplies & Components,0.937609554,0.079092309,0.047126,0.915912511
IFF,International Flavors & Fragrances,Chemical (Specialty),Specialty Chemicals,0.938135743,0.078101735,0.07331875,0.788618721
INCY,Incyte,Drugs (Biotechnology),Biotechnology,1.08909647,0.083386527,0.189508512,0.442198086
INTC,Intel,Semiconductor,Semiconductors,1.460244594,0.103622461,0.064411628,0.934351556
INTU,Intuit,Software (System & Application),Application Software,1.272458994,0.094923923,0.159033378,0.476301017
INVH,Invitation Homes,R.E.I.T.,Single-Family Residential REITs,0.660063542,0.06308888,0.083597195,-0.15371841
IP,International Paper,Paper/Forest Products,Paper & Plastic Packaging Products & Materials,1.590292567,0.103524732,0.038425,1.52704016
IPG,Interpublic Group of Companies (The),Advertising,Advertising,1.180610439,0.086331585,0.115684,0.25114078
IQV,IQVIA,Heathcare Information and Technology,Life Sciences Tools & Services,1.187533948,0.089506087,0.196667069,0.715904778
IR,Ingersoll Rand,Machinery,Industrial Machinery & Supplies & Components,0.937609554,0.079092309,0.047126,0.915912511
IRM,Iron Mountain,R.E.I.T.,Other Specialized REITs,0.660063542,0.06308888,0.083597195,-0.15371841
ISRG,Intuitive Surgical,Heathcare Information and Technology,Health Care Equipment,1.187533948,0.089506087,0.196667069,0.715904778
IT,Gartner,Computer Services,IT Consulting & Other Services,0.858697507,0.074175635,0.109264737,0.276635201
ITW,Illinois Tool Works,Machinery,Industrial Machinery & Supplies & Components,0.937609554,0.079092309,0.047126,0.915912511
IVZ,Invesco,Investments & Asset Management,Asset Management & Custody Banks,0.39129393,0.052337685,0.046036863,0.524206097
J,Jacobs Solutions,Engineering/Construction,Construction & Engineering,0.844677065,0.073677464,0.080567097,1.262997294
JBHT,J.B. Hunt,Transportation,Cargo Ground Transportation,1.046594408,0.082476186,0.153649333,0.284289555
JBL,Jabil,Electronics (General),Electronic Manufacturing Services,0.877205174,0.075361085,0.158239651,0.9658047
JCI,Johnson Controls,Building Materials,Building Products,1.209047187,0.090005823,0.064077647,0.679993268
JKHY,Jack Henry & Associates,Financial Svcs. (Non-bank & Insurance),Transaction & Payment Processing Services,0.321978751,0.049871016,0.205013107,-0.773954395
JNJ,Johnson & Johnson,Drugs (Pharmaceutical),Pharmaceuticals,0.943997687,0.080456031,0.415376667,0.442198086
JNPR,Juniper Networks,Telecom. Equipment,Communications Equipment,1.045647985,0.083343683,0.09616449,0.536242435
JPM,JPMorgan Chase,Bank (Money Center),Diversified Banks,0.644005118,0.05081182,0.072753846,19.57501942
K,Kellanova,Food Processing,Packaged Foods & Meats,0.495879272,0.059473284,0.072433478,0.592094421
KDP,Keurig Dr Pepper,Beverage (Soft),Soft Drinks & Non-alcoholic Beverages,0.701833347,0.068716876,0.285790769,0.283538097
KEY,KeyCorp,Banks (Regional),Regional Banks,0.333366607,0.046771373,0.092156242,1.957501942
KEYS,Keysight Technologies,Electrical Equipment,Electronic Equipment & Instruments,1.145843472,0.086066369,0.149078298,1.622376012
KHC,Kraft Heinz,Food Processing,Packaged Foods & Meats,0.495879272,0.059473284,0.072433478,0.592094421
KIM,Kimco Realty,Retail (REITs),Retail REITs,0.786674702,0.069402205,0.041101852,-0.085253457
KKR,KKR,Investments & Asset Management,Asset Management & Custody Banks,0.39129393,0.052337685,0.046036863,0.524206097
KLAC,KLA Corporation,Semiconductor Equip,Semiconductor Materials & Equipment,1.507765079,0.103967314,0.0992575,0.605672117
KMB,Kimberly-Clark,Household Products,Household Products,0.772920134,0.072278278,0.022456341,0.155241937
KMI,Kinder Morgan,Oil/Gas Distribution,Oil & Gas Storage & Transportation,0.529121571,0.059897566,0.274515333,0.478797367
KMX,CarMax,Retail (Automotive),Automotive Retail,1.058764305,0.082204588,0.174986364,0.828277737
KO,Coca-Cola Company (The),Beverage (Soft),Soft Drinks & Non-alcoholic Beverages,0.701833347,0.068716876,0.285790769,0.283538097
KR,Kroger,Retail (Grocery and Food),Food Retail,0.364761149,0.053133992,0.0659125,0.300084333
KVUE,Kenvue,Household Products,Personal Care Products,0.772920134,0.072278278,0.022456341,0.155241937
L,Loews Corporation,Insurance (General),Multi-line Insurance,0.894617816,0.076402666,0.077637273,0.020168608
LDOS,Leidos,Business & Consumer Services,Diversified Support Services,0.929642657,0.078564957,0.06692427,0.304162192
LEN,Lennar,Homebuilding,Homebuilding,1.353591593,0.092820337,0.110407826,0.202870919
LH,LabCorp,Healthcare Support Services,Health Care Services,0.940306249,0.076102789,0.124218772,0.574513905
LHX,L3Harris,Aerospace/Defense,Aerospace & Defense,0.930853541,0.07813356,0.075882564,0.401672464
LIN,Linde plc,Chemical (Specialty),Industrial Gases,0.938135743,0.078101735,0.07331875,0.788618721
LKQ,LKQ Corporation,Retail (Distributors),Distributors,0.909325554,0.077098414,0.058054595,0.750757364
LLY,Lilly (Eli),Drugs (Pharmaceutical),Pharmaceuticals,0.943997687,0.080456031,0.415376667,0.442198086
LMT,Lockheed Martin,Aerospace/Defense,Aerospace & Defense,0.930853541,0.07813356,0.075882564,0.401672464
LNT,Alliant Energy,Utility (General),Electric Utilities,0.356795193,0.05094222,0.043405,0.784216274
LOW,Lowe's,Retail (Building Supply),Home Improvement Retail,1.70415318,0.113035222,0.089053846,0.058794935
LRCX,Lam Research,Semiconductor Equip,Semiconductor Materials & Equipment,1.507765079,0.103967314,0.0992575,0.605672117
LULU,Lululemon Athletica,Apparel,"Apparel, Accessories & Luxury Goods",0.92957565,0.075526311,0.057186,0.521472306
LUV,Southwest Airlines,Air Transport,Passenger Airlines,0.640188047,0.060621961,0.029028333,0.303603012
LVS,Las Vegas Sands,Hotel/Gaming,Casinos & Gaming,1.048189773,0.080151501,0.1024465,0.160164781
LW,Lamb Weston,Food Processing,Packaged Foods & Meats,0.495879272,0.059473284,0.072433478,0.592094421
LYB,LyondellBasell,Chemical (Specialty),Specialty Chemicals,0.938135743,0.078101735,0.07331875,0.788618721
LYV,Live Nation Entertainment,Entertainment,Movies & Entertainment,0.865719193,0.074634883,0.154691379,-0.341217146
MA,Mastercard,Financial Svcs. (Non-bank & Insurance),Transaction & Payment Processing Services,0.321978751,0.049871016,0.205013107,-0.773954395
MAA,Mid-America Apartment Communities,R.E.I.T.,Multi-Family Residential REITs,0.660063542,0.06308888,0.083597195,-0.15371841
MAR,Marriott International,Hotel/Gaming,"Hotels, Resorts & Cruise Lines",1.048189773,0.080151501,0.1024465,0.160164781
MAS,Masco,Building Materials,Building Products,1.209047187,0.090005823,0.064077647,0.679993268
MCD,McDonald's,Restaurant/Dining,Restaurants,1.024327695,0.082371442,0.06796,0.248382575
MCHP,Microchip Technology,Semiconductor,Semiconductors,1.460244594,0.103622461,0.064411628,0.934351556
MCK,McKesson Corporation,Healthcare Support Services,Health Care Distributors,0.940306249,0.076102789,0.124218772,0.574513905
MCO,Moody's Corporation,Financial Svcs. (Non-bank & Insurance),Financial Exchanges & Data,0.321978751,0.049871016,0.205013107,-0.773954395
MDLZ,Mondelez International,Food Processing,Packaged Foods & Meats,0.495879272,0.059473284,0.072433478,0.592094421
MDT,Medtronic,Heathcare Information and Technology,Health Care Equipment,1.187533948,0.089506087,0.196667069,0.715904778
MET,MetLife,Insurance (Life),Life & Health Insurance,0.539831119,0.056806764,-0.000625,-0.078830681
META,Meta Platforms,Software (Internet),Interactive Media & Services,1.511756338,0.10592036,0.222445455,0.44097668
MGM,MGM Resorts,Hotel/Gaming,Casinos & Gaming,1.048189773,0.080151501,0.1024465,0.160164781
MHK,Mohawk Industries,Furn/Home Furnishings,Home Furnishings,0.861187485,0.073102868,0.031330476,0.534410644
MKC,McCormick & Company,Food Processing,Packaged Foods & Meats,0.495879272,0.059473284,0.072433478,0.592094421
MKTX,MarketAxess,Financial Svcs. (Non-bank & Insurance),Financial Exchanges & Data,0.321978751,0.049871016,0.205013107,-0.773954395
MLM,Martin Marietta Materials,Building Materials,Construction Materials,1.209047187,0.090005823,0.064077647,0.679993268
MMC,Marsh McLennan,Insurance (General),Insurance Brokers,0.894617816,0.076402666,0.077637273,0.020168608
MMM,3M,Diversified,Industrial Conglomerates,1.092348615,0.085144265,0.069406364,0.370895834
MNST,Monster Beverage,Beverage (Soft),Soft Drinks & Non-alcoholic Beverages,0.701833347,0.068716876,0.285790769,0.283538097
MO,Altria,Tobacco,Tobacco,0.987080225,0.08034181,0.349688889,0.547914257
MOH,Molina Healthcare,Hospitals/Healthcare Facilities,Managed Health Care,0.559996107,0.061017936,0.181068947,0.407749816
MOS,Mosaic Company (The),Chemical (Diversified),Fertilizers & Agricultural Chemicals,0.813460858,0.069280335,-0.00755,0.490168696
MPC,Marathon Petroleum,Oil/Gas (Production and Exploration),Oil & Gas Refining & Marketing,0.821420497,0.073373141,0.232800588,0.536803676
MPWR,Monolithic Power Systems,Semiconductor,Semiconductors,1.460244594,0.103622461,0.064411628,0.934351556
MRK,Merck & Co.,Drugs (Pharmaceutical),Pharmaceuticals,0.943997687,0.080456031,0.415376667,0.442198086
MRNA,Moderna,Drugs (Biotechnology),Biotechnology,1.08909647,0.083386527,0.189508512,0.442198086
MRO,Marathon Oil,Oil/Gas (Production and Exploration),NA,0.821420497,0.073373141,0.232800588,0.536803676
MS,Morgan Stanley,Brokerage & Investment Banking,Investment Banking & Brokerage,0.550778221,0.054148675,0.127874737,8.460207121
MSCI,MSCI,Financial Svcs. (Non-bank & Insurance),Financial Exchanges & Data,0.321978751,0.049871016,0.205013107,-0.773954395
MSFT,Microsoft,Software (System & Application),Systems Software,1.272458994,0.094923923,0.159033378,0.476301017
MSI,Motorola Solutions,Telecom. Equipment,Communications Equipment,1.045647985,0.083343683,0.09616449,0.536242435
MTB,M&T Bank,Banks (Regional),Regional Banks,0.333366607,0.046771373,0.092156242,1.957501942
MTCH,Match Group,Software (Internet),Interactive Media & Services,1.511756338,0.10592036,0.222445455,0.44097668
MTD,Mettler Toledo,Heathcare Information and Technology,Life Sciences Tools & Services,1.187533948,0.089506087,0.196667069,0.715904778
MU,Micron Technology,Semiconductor,Semiconductors,1.460244594,0.103622461,0.064411628,0.934351556
NCLH,Norwegian Cruise Line Holdings,Hotel/Gaming,"Hotels, Resorts & Cruise Lines",1.048189773,0.080151501,0.1024465,0.160164781
NDAQ,"Nasdaq, Inc.",Financial Svcs. (Non-bank & Insurance),Financial Exchanges & Data,0.321978751,0.049871016,0.205013107,-0.773954395
NDSN,Nordson Corporation,Machinery,Industrial Machinery & Supplies & Components,0.937609554,0.079092309,0.047126,0.915912511
NEE,NextEra Energy,Utility (General),Multi-Utilities,0.356795193,0.05094222,0.043405,0.784216274
NEM,Newmont,Precious Metals,Gold,0.830083915,0.07367314,0.116358,1.56068179
NFLX,Netflix,Entertainment,Movies & Entertainment,0.865719193,0.074634883,0.154691379,-0.341217146
NI,NiSource,Utility (General),Multi-Utilities,0.356795193,0.05094222,0.043405,0.784216274
NKE,"Nike, Inc.",Apparel,"Apparel, Accessories & Luxury Goods",0.92957565,0.075526311,0.057186,0.521472306
NOC,Northrop Grumman,Aerospace/Defense,Aerospace & Defense,0.930853541,0.07813356,0.075882564,0.401672464
NOW,ServiceNow,Software (System & Application),Systems Software,1.272458994,0.094923923,0.159033378,0.476301017
NRG,NRG Energy,Power,Independent Power Producers & Energy Traders,0.388506193,0.051896442,0.05328,0.939975218
NSC,Norfolk Southern Railway,Transportation (Railroads),Rail Transportation,0.855997806,0.074640136,0.0249,0.599980747
NTAP,NetApp,Computers/Peripherals,"Technology Hardware, Storage & Peripherals",1.100354381,0.087884328,0.023118148,0.389433657
NTRS,Northern Trust,Investments & Asset Management,Asset Management & Custody Banks,0.39129393,0.052337685,0.046036863,0.524206097
NUE,Nucor,Steel,Steel,1.07747112,0.081800794,0.0787332,0.536568247
NVDA,Nvidia,Semiconductor,Semiconductors,1.460244594,0.103622461,0.064411628,0.934351556
NVR,"NVR, Inc.",Homebuilding,Homebuilding,1.353591593,0.092820337,0.110407826,0.202870919
NWS,News Corp (Class B),Publishing & Newspapers,Publishing,0.822983462,0.072011625,0.014301538,0.124103181
NWSA,News Corp (Class A),Publishing & Newspapers,Publishing,0.822983462,0.072011625,0.014301538,0.124103181
NXPI,NXP Semiconductors,Semiconductor,Semiconductors,1.460244594,0.103622461,0.064411628,0.934351556
O,Realty Income,Retail (REITs),Retail REITs,0.786674702,0.069402205,0.041101852,-0.085253457
ODFL,Old Dominion,Transportation,Cargo Ground Transportation,1.046594408,0.082476186,0.153649333,0.284289555
OKE,ONEOK,Oil/Gas Distribution,Oil & Gas Storage & Transportation,0.529121571,0.059897566,0.274515333,0.478797367
OMC,Omnicom Group,Advertising,Advertising,1.180610439,0.086331585,0.115684,0.25114078
ON,ON Semiconductor,Semiconductor,Semiconductors,1.460244594,0.103622461,0.064411628,0.934351556
ORCL,Oracle Corporation,Software (System & Application),Application Software,1.272458994,0.094923923,0.159033378,0.476301017
ORLY,O'Reilly Auto Parts,Retail (Automotive),Automotive Retail,1.058764305,0.082204588,0.174986364,0.828277737
OTIS,Otis Worldwide,Machinery,Industrial Machinery & Supplies & Components,0.937609554,0.079092309,0.047126,0.915912511
OXY,Occidental Petroleum,Oil/Gas (Production and Exploration),Oil & Gas Exploration & Production,0.821420497,0.073373141,0.232800588,0.536803676
PANW,Palo Alto Networks,Software (System & Application),Systems Software,1.272458994,0.094923923,0.159033378,0.476301017
PARA,Paramount Global,Entertainment,Movies & Entertainment,0.865719193,0.074634883,0.154691379,-0.341217146
PAYC,Paycom,Business & Consumer Services,Human Resource & Employment Services,0.929642657,0.078564957,0.06692427,0.304162192
PAYX,Paychex,Business & Consumer Services,Human Resource & Employment Services,0.929642657,0.078564957,0.06692427,0.304162192
PCAR,Paccar,Machinery,Construction Machinery & Heavy Transportation Equipment,0.937609554,0.079092309,0.047126,0.915912511
PCG,PG&E Corporation,Utility (General),Multi-Utilities,0.356795193,0.05094222,0.043405,0.784216274
PEG,Public Service Enterprise Group,Utility (General),Electric Utilities,0.356795193,0.05094222,0.043405,0.784216274
PEP,PepsiCo,Beverage (Soft),Soft Drinks & Non-alcoholic Beverages,0.701833347,0.068716876,0.285790769,0.283538097
PFE,Pfizer,Drugs (Pharmaceutical),Pharmaceuticals,0.943997687,0.080456031,0.415376667,0.442198086
PFG,Principal Financial Group,Insurance (Life),Life & Health Insurance,0.539831119,0.056806764,-0.000625,-0.078830681
PG,Procter & Gamble,Household Products,Personal Care Products,0.772920134,0.072278278,0.022456341,0.155241937
PGR,Progressive Corporation,Insurance (Prop/Cas.),Property & Casualty Insurance,0.675207617,0.067158648,0.061676591,0.190179062
PH,Parker Hannifin,Machinery,Industrial Machinery & Supplies & Components,0.937609554,0.079092309,0.047126,0.915912511
PHM,PulteGroup,Homebuilding,Homebuilding,1.353591593,0.092820337,0.110407826,0.202870919
PKG,Packaging Corporation of America,Paper/Forest Products,Paper & Plastic Packaging Products & Materials,1.590292567,0.103524732,0.038425,1.52704016
PLD,Prologis,R.E.I.T.,Industrial REITs,0.660063542,0.06308888,0.083597195,-0.15371841
PLTR,Palantir Technologies,Information Services,Internet Services & Infrastructure,0.772382491,0.070185232,0.04717,0.001496213
PM,Philip Morris International,Tobacco,Tobacco,0.987080225,0.08034181,0.349688889,0.547914257
PNC,PNC Financial Services,Bank (Money Center),Diversified Banks,0.644005118,0.05081182,0.072753846,19.57501942
PNR,Pentair,Machinery,Industrial Machinery & Supplies & Components,0.937609554,0.079092309,0.047126,0.915912511
PNW,Pinnacle West,Utility (General),Multi-Utilities,0.356795193,0.05094222,0.043405,0.784216274
PODD,Insulet Corporation,Heathcare Information and Technology,Health Care Equipment,1.187533948,0.089506087,0.196667069,0.715904778
POOL,Pool Corporation,Retail (Distributors),Distributors,0.909325554,0.077098414,0.058054595,0.750757364
PPG,PPG Industries,Chemical (Specialty),Specialty Chemicals,0.938135743,0.078101735,0.07331875,0.788618721
PPL,PPL Corporation,Utility (General),Electric Utilities,0.356795193,0.05094222,0.043405,0.784216274
PRU,Prudential Financial,Insurance (Life),Life & Health Insurance,0.539831119,0.056806764,-0.000625,-0.078830681
PSA,Public Storage,R.E.I.T.,Self-Storage REITs,0.660063542,0.06308888,0.083597195,-0.15371841
PSX,Phillips 66,Oil/Gas (Production and Exploration),Oil & Gas Refining & Marketing,0.821420497,0.073373141,0.232800588,0.536803676
PTC,PTC Inc.,Software (System & Application),Application Software,1.272458994,0.094923923,0.159033378,0.476301017
PWR,Quanta Services,Engineering/Construction,Construction & Engineering,0.844677065,0.073677464,0.080567097,1.262997294
PYPL,PayPal,Financial Svcs. (Non-bank & Insurance),Transaction & Payment Processing Services,0.321978751,0.049871016,0.205013107,-0.773954395
QCOM,Qualcomm,Semiconductor,Semiconductors,1.460244594,0.103622461,0.064411628,0.934351556
QRVO,Qorvo,Semiconductor,NA,1.460244594,0.103622461,0.064411628,0.934351556
RCL,Royal Caribbean Group,Hotel/Gaming,"Hotels, Resorts & Cruise Lines",1.048189773,0.080151501,0.1024465,0.160164781
REG,Regency Centers,Retail (REITs),Retail REITs,0.786674702,0.069402205,0.041101852,-0.085253457
REGN,Regeneron Pharmaceuticals,Drugs (Biotechnology),Biotechnology,1.08909647,0.083386527,0.189508512,0.442198086
RF,Regions Financial Corporation,Banks (Regional),Regional Banks,0.333366607,0.046771373,0.092156242,1.957501942
RJF,Raymond James Financial,Brokerage & Investment Banking,Investment Banking & Brokerage,0.550778221,0.054148675,0.127874737,8.460207121
RL,Ralph Lauren Corporation,Apparel,"Apparel, Accessories & Luxury Goods",0.92957565,0.075526311,0.057186,0.521472306
RMD,ResMed,Heathcare Information and Technology,Health Care Equipment,1.187533948,0.089506087,0.196667069,0.715904778
ROK,Rockwell Automation,Electrical Equipment,Electrical Components & Equipment,1.145843472,0.086066369,0.149078298,1.622376012
ROL,"Rollins, Inc.",Environmental & Waste Services,Environmental & Facilities Services,0.785730195,0.072894741,0.133812308,1.346873621
ROP,Roper Technologies,Electrical Equipment,Electronic Equipment & Instruments,1.145843472,0.086066369,0.149078298,1.622376012
ROST,Ross Stores,Apparel,Apparel Retail,0.92957565,0.075526311,0.057186,0.521472306
RSG,Republic Services,Environmental & Waste Services,Environmental & Facilities Services,0.785730195,0.072894741,0.133812308,1.346873621
RTX,RTX Corporation,Aerospace/Defense,Aerospace & Defense,0.930853541,0.07813356,0.075882564,0.401672464
RVTY,Revvity,Heathcare Information and Technology,Health Care Equipment,1.187533948,0.089506087,0.196667069,0.715904778
SBAC,SBA Communications,R.E.I.T.,Telecom Tower REITs,0.660063542,0.06308888,0.083597195,-0.15371841
SBUX,Starbucks,Restaurant/Dining,Restaurants,1.024327695,0.082371442,0.06796,0.248382575
SCHW,Charles Schwab Corporation,Brokerage & Investment Banking,Investment Banking & Brokerage,0.550778221,0.054148675,0.127874737,8.460207121
SHW,Sherwin-Williams,Chemical (Specialty),Specialty Chemicals,0.938135743,0.078101735,0.07331875,0.788618721
SJM,J.M. Smucker Company (The),Food Processing,Packaged Foods & Meats,0.495879272,0.059473284,0.072433478,0.592094421
SLB,Schlumberger,Oilfield Svcs/Equip.,Oil & Gas Equipment & Services,0.852901738,0.072739439,0.077372121,0.411734528
SMCI,Supermicro,Computers/Peripherals,"Technology Hardware, Storage & Peripherals",1.100354381,0.087884328,0.023118148,0.389433657
SNA,Snap-on,Machinery,Industrial Machinery & Supplies & Components,0.937609554,0.079092309,0.047126,0.915912511
SNPS,Synopsys,Software (System & Application),Application Software,1.272458994,0.094923923,0.159033378,0.476301017
SO,Southern Company,Utility (General),Electric Utilities,0.356795193,0.05094222,0.043405,0.784216274
SOLV,Solventum,Heathcare Information and Technology,Health Care Technology,1.187533948,0.089506087,0.196667069,0.715904778
SPG,Simon Property Group,Retail (REITs),Retail REITs,0.786674702,0.069402205,0.041101852,-0.085253457
SPGI,S&P Global,Financial Svcs. (Non-bank & Insurance),Financial Exchanges & Data,0.321978751,0.049871016,0.205013107,-0.773954395
SRE,Sempra,Utility (General),Multi-Utilities,0.356795193,0.05094222,0.043405,0.784216274
STE,Steris,Heathcare Information and Technology,Health Care Equipment,1.187533948,0.089506087,0.196667069,0.715904778
STLD,Steel Dynamics,Steel,Steel,1.07747112,0.081800794,0.0787332,0.536568247
STT,State Street Corporation,Investments & Asset Management,Asset Management & Custody Banks,0.39129393,0.052337685,0.046036863,0.524206097
STX,Seagate Technology,Computers/Peripherals,"Technology Hardware, Storage & Peripherals",1.100354381,0.087884328,0.023118148,0.389433657
STZ,Constellation Brands,Beverage (Alcoholic),Distillers & Vintners,0.970263352,0.080501131,0.120622222,0.396749124
SW,Smurfit WestRock,Paper/Forest Products,Paper & Plastic Packaging Products & Materials,1.590292567,0.103524732,0.038425,1.52704016
SWK,Stanley Black & Decker,Machinery,Industrial Machinery & Supplies & Components,0.937609554,0.079092309,0.047126,0.915912511
SWKS,Skyworks Solutions,Semiconductor,Semiconductors,1.460244594,0.103622461,0.064411628,0.934351556
SYF,Synchrony Financial,Financial Svcs. (Non-bank & Insurance),Consumer Finance,0.321978751,0.049871016,0.205013107,-0.773954395
SYK,Stryker Corporation,Heathcare Information and Technology,Health Care Equipment,1.187533948,0.089506087,0.196667069,0.715904778
SYY,Sysco,Food Wholesalers,Food Distributors,0.735070447,0.069310423,0.18654,0.484745283
T,AT&T,Telecom. Services,Integrated Telecommunication Services,0.414111556,0.055590842,0.131699565,-0.03284304
TAP,Molson Coors Beverage Company,Beverage (Alcoholic),Brewers,0.970263352,0.080501131,0.120622222,0.396749124
TDG,TransDigm Group,Aerospace/Defense,Aerospace & Defense,0.930853541,0.07813356,0.075882564,0.401672464
TDY,Teledyne Technologies,Electrical Equipment,Electronic Equipment & Instruments,1.145843472,0.086066369,0.149078298,1.622376012
TECH,Bio-Techne,Heathcare Information and Technology,Life Sciences Tools & Services,1.187533948,0.089506087,0.196667069,0.715904778
TEL,TE Connectivity,Electronics (General),Electronic Manufacturing Services,0.877205174,0.075361085,0.158239651,0.9658047
TER,Teradyne,Semiconductor Equip,Semiconductor Materials & Equipment,1.507765079,0.103967314,0.0992575,0.605672117
TFC,Truist Financial,Bank (Money Center),Diversified Banks,0.644005118,0.05081182,0.072753846,19.57501942
TFX,Teleflex,Heathcare Information and Technology,NA,1.187533948,0.089506087,0.196667069,0.715904778
TGT,Target Corporation,Retail (Grocery and Food),Consumer Staples Merchandise Retail,0.364761149,0.053133992,0.0659125,0.300084333
TJX,TJX Companies,Apparel,Apparel Retail,0.92957565,0.075526311,0.057186,0.521472306
TMO,Thermo Fisher Scientific,Heathcare Information and Technology,Life Sciences Tools & Services,1.187533948,0.089506087,0.196667069,0.715904778
TMUS,T-Mobile US,Telecom (Wireless),Wireless Telecommunication Services,0.747311719,0.069794087,0.092977143,0.305058364
TPR,"Tapestry, Inc.",Apparel,"Apparel, Accessories & Luxury Goods",0.92957565,0.075526311,0.057186,0.521472306
TRGP,Targa Resources,Oil/Gas Distribution,Oil & Gas Storage & Transportation,0.529121571,0.059897566,0.274515333,0.478797367
TRMB,Trimble Inc.,Electrical Equipment,Electronic Equipment & Instruments,1.145843472,0.086066369,0.149078298,1.622376012
TROW,T. Rowe Price,Investments & Asset Management,Asset Management & Custody Banks,0.39129393,0.052337685,0.046036863,0.524206097
TRV,Travelers Companies (The),Insurance (Prop/Cas.),Property & Casualty Insurance,0.675207617,0.067158648,0.061676591,0.190179062
TSCO,Tractor Supply,Retail (Special Lines),Other Specialty Retail,0.973069218,0.078540155,0.120719677,0.222481052
TSLA,"Tesla, Inc.",Auto & Truck,Automobile Manufacturers,1.304030918,0.092567584,0.219421111,0.703821334
TSN,Tyson Foods,Food Processing,Packaged Foods & Meats,0.495879272,0.059473284,0.072433478,0.592094421
TT,Trane Technologies,Building Materials,Building Products,1.209047187,0.090005823,0.064077647,0.679993268
TTWO,Take-Two Interactive,Entertainment,Interactive Home Entertainment,0.865719193,0.074634883,0.154691379,-0.341217146
TXN,Texas Instruments,Semiconductor,Semiconductors,1.460244594,0.103622461,0.064411628,0.934351556
TXT,Textron,Aerospace/Defense,Aerospace & Defense,0.930853541,0.07813356,0.075882564,0.401672464
TYL,Tyler Technologies,Software (System & Application),Application Software,1.272458994,0.094923923,0.159033378,0.476301017
UAL,United Airlines Holdings,Air Transport,Passenger Airlines,0.640188047,0.060621961,0.029028333,0.303603012
UBER,Uber,Transportation,Passenger Ground Transportation,1.046594408,0.082476186,0.153649333,0.284289555
UDR,"UDR, Inc.",R.E.I.T.,Multi-Family Residential REITs,0.660063542,0.06308888,0.083597195,-0.15371841
UHS,Universal Health Services,Hospitals/Healthcare Facilities,Health Care Facilities,0.559996107,0.061017936,0.181068947,0.407749816
ULTA,Ulta Beauty,Retail (Special Lines),Other Specialty Retail,0.973069218,0.078540155,0.120719677,0.222481052
UNH,UnitedHealth Group,Hospitals/Healthcare Facilities,Managed Health Care,0.559996107,0.061017936,0.181068947,0.407749816
UNP,Union Pacific Corporation,Transportation (Railroads),Rail Transportation,0.855997806,0.074640136,0.0249,0.599980747
UPS,United Parcel Service,Air Transport,Air Freight & Logistics,0.640188047,0.060621961,0.029028333,0.303603012
URI,United Rentals,Retail (Distributors),Trading Companies & Distributors,0.909325554,0.077098414,0.058054595,0.750757364
USB,U.S. Bancorp,Bank (Money Center),Diversified Banks,0.644005118,0.05081182,0.072753846,19.57501942
V,Visa Inc.,Financial Svcs. (Non-bank & Insurance),Transaction & Payment Processing Services,0.321978751,0.049871016,0.205013107,-0.773954395
VICI,Vici Properties,Hotel/Gaming,Hotel & Resort REITs,1.048189773,0.080151501,0.1024465,0.160164781
VLO,Valero Energy,Oil/Gas (Production and Exploration),Oil & Gas Refining & Marketing,0.821420497,0.073373141,0.232800588,0.536803676
VLTO,Veralto,Environmental & Waste Services,Environmental & Facilities Services,0.785730195,0.072894741,0.133812308,1.346873621
VMC,Vulcan Materials Company,Building Materials,Construction Materials,1.209047187,0.090005823,0.064077647,0.679993268
VRSK,Verisk Analytics,Information Services,Research & Consulting Services,0.772382491,0.070185232,0.04717,0.001496213
VRSN,Verisign,Information Services,Internet Services & Infrastructure,0.772382491,0.070185232,0.04717,0.001496213
VRTX,Vertex Pharmaceuticals,Drugs (Biotechnology),Biotechnology,1.08909647,0.083386527,0.189508512,0.442198086
VST,Vistra Corp.,Utility (General),Electric Utilities,0.356795193,0.05094222,0.043405,0.784216274
VTR,Ventas,R.E.I.T.,Health Care REITs,0.660063542,0.06308888,0.083597195,-0.15371841
VTRS,Viatris,Drugs (Pharmaceutical),Pharmaceuticals,0.943997687,0.080456031,0.415376667,0.442198086
VZ,Verizon,Telecom. Services,Integrated Telecommunication Services,0.414111556,0.055590842,0.131699565,-0.03284304
WAB,Wabtec,Machinery,Construction Machinery & Heavy Transportation Equipment,0.937609554,0.079092309,0.047126,0.915912511
WAT,Waters Corporation,Heathcare Information and Technology,Life Sciences Tools & Services,1.187533948,0.089506087,0.196667069,0.715904778
WBA,Walgreens Boots Alliance,Retail (Special Lines),Drug Retail,0.973069218,0.078540155,0.120719677,0.222481052
WBD,Warner Bros. Discovery,Broadcasting,Broadcasting,0.499756675,0.056035943,0.054847059,1.536797306
WDC,Western Digital,Computers/Peripherals,"Technology Hardware, Storage & Peripherals",1.100354381,0.087884328,0.023118148,0.389433657
WEC,WEC Energy Group,Utility (General),Electric Utilities,0.356795193,0.05094222,0.043405,0.784216274
WELL,Welltower,R.E.I.T.,Health Care REITs,0.660063542,0.06308888,0.083597195,-0.15371841
WFC,Wells Fargo,Bank (Money Center),Diversified Banks,0.644005118,0.05081182,0.072753846,19.57501942
WM,Waste Management,Environmental & Waste Services,Environmental & Facilities Services,0.785730195,0.072894741,0.133812308,1.346873621
WMB,Williams Companies,Oil/Gas Distribution,Oil & Gas Storage & Transportation,0.529121571,0.059897566,0.274515333,0.478797367
WMT,Walmart,Retail (Grocery and Food),Consumer Staples Merchandise Retail,0.364761149,0.053133992,0.0659125,0.300084333
WRB,W. R. Berkley Corporation,Insurance (Prop/Cas.),Property & Casualty Insurance,0.675207617,0.067158648,0.061676591,0.190179062
WST,West Pharmaceutical Services,Healthcare Products,Health Care Supplies,1.005418072,0.082315379,0.179484,0.673292183
WTW,Willis Towers Watson,Insurance (General),Insurance Brokers,0.894617816,0.076402666,0.077637273,0.020168608
WY,Weyerhaeuser,Paper/Forest Products,Timber REITs,1.590292567,0.103524732,0.038425,1.52704016
WYNN,Wynn Resorts,Hotel/Gaming,Casinos & Gaming,1.048189773,0.080151501,0.1024465,0.160164781
XEL,Xcel Energy,Utility (General),Multi-Utilities,0.356795193,0.05094222,0.043405,0.784216274
XOM,ExxonMobil,Oil/Gas (Integrated),Integrated Oil & Gas,0.644045014,0.066148338,0.0176,0.147097299
XYL,Xylem Inc.,Machinery,Industrial Machinery & Supplies & Components,0.937609554,0.079092309,0.047126,0.915912511
YUM,Yum! Brands,Restaurant/Dining,Restaurants,1.024327695,0.082371442,0.06796,0.248382575
ZBH,Zimmer Biomet,Heathcare Information and Technology,Health Care Equipment,1.187533948,0.089506087,0.196667069,0.715904778
ZBRA,Zebra Technologies,Electrical Equipment,Electronic Equipment & Instruments,1.145843472,0.086066369,0.149078298,1.622376012
ZTS,Zoetis,Drugs (Pharmaceutical),Pharmaceuticals,0.943997687,0.080456031,0.415376667,0.442198086
